-- FUNC
delete from PAS_FUNC;
insert into PAS_FUNC (PAS_FUNC_ID, FUNC_NAME, FUNC_DESC, PARENT_FUNC_ID, FUNC_LEVEL, FUNC_NUM, FUNC_TYPE, FUNC_DN, FUNC_FLAG) values (1, '/', 'root', 0, 0, 0, 2, '/', 1);
insert into PAS_FUNC (PAS_FUNC_ID, FUNC_NAME, FUNC_DESC, PARENT_FUNC_ID, FUNC_LEVEL, FUNC_NUM, FUNC_TYPE, FUNC_DN, FUNC_FLAG) values (2, 'fwa', 'fwa service', 1, 1, 0, 2, '/fwa', 1);
insert into PAS_FUNC (PAS_FUNC_ID, FUNC_NAME, FUNC_DESC, PARENT_FUNC_ID, FUNC_LEVEL, FUNC_NUM, FUNC_TYPE, FUNC_DN, FUNC_FLAG) values (3, 'referral', 'proc inf related ref', 2, 2, 0, 2, '/fwa/referral', 1);
insert into PAS_FUNC (PAS_FUNC_ID, FUNC_NAME, FUNC_DESC, PARENT_FUNC_ID, FUNC_LEVEL, FUNC_NUM, FUNC_TYPE, FUNC_DN, FUNC_FLAG) values (4, 'get ref', 'get a ref by refid', 3, 3, 0, 2, 'GET:/fwa/referral/r', 1);
insert into PAS_FUNC (PAS_FUNC_ID, FUNC_NAME, FUNC_DESC, PARENT_FUNC_ID, FUNC_LEVEL, FUNC_NUM, FUNC_TYPE, FUNC_DN, FUNC_FLAG) values (5, 'add ref', 'add a new referral', 3, 3, 1, 2, 'POST:/fwa/referral/r', 1);
insert into PAS_FUNC (PAS_FUNC_ID, FUNC_NAME, FUNC_DESC, PARENT_FUNC_ID, FUNC_LEVEL, FUNC_NUM, FUNC_TYPE, FUNC_DN, FUNC_FLAG) values (6, 'delete ref', 'del a ref by refid', 3, 3, 2, 2, 'DELETE:/fwa/referral/r', 1);
insert into PAS_FUNC (PAS_FUNC_ID, FUNC_NAME, FUNC_DESC, PARENT_FUNC_ID, FUNC_LEVEL, FUNC_NUM, FUNC_TYPE, FUNC_DN, FUNC_FLAG) values (7, 'get refs', 'page query referrals', 3, 3, 3, 2, 'POST:/fwa/referral/page', 1);
insert into PAS_FUNC (PAS_FUNC_ID, FUNC_NAME, FUNC_DESC, PARENT_FUNC_ID, FUNC_LEVEL, FUNC_NUM, FUNC_TYPE, FUNC_DN, FUNC_FLAG) values (8, 'get hq', 'query a hq', 3, 3, 4, 2, 'GET:/fwa/referral/hq', 1);
insert into PAS_FUNC (PAS_FUNC_ID, FUNC_NAME, FUNC_DESC, PARENT_FUNC_ID, FUNC_LEVEL, FUNC_NUM, FUNC_TYPE, FUNC_DN, FUNC_FLAG) values (9, 'task', 'proc inf related tk', 2, 2, 1, 2, '/fwa/task', 1);
insert into PAS_FUNC (PAS_FUNC_ID, FUNC_NAME, FUNC_DESC, PARENT_FUNC_ID, FUNC_LEVEL, FUNC_NUM, FUNC_TYPE, FUNC_DN, FUNC_FLAG) values (10, 'get task', 'get a task by tkid', 9, 3, 0, 2, 'GET:/fwa/task/t', 1);
insert into PAS_FUNC (PAS_FUNC_ID, FUNC_NAME, FUNC_DESC, PARENT_FUNC_ID, FUNC_LEVEL, FUNC_NUM, FUNC_TYPE, FUNC_DN, FUNC_FLAG) values (11, 'add task', 'add a new task', 9, 3, 1, 2, 'POST:/fwa/task/t', 1);
insert into PAS_FUNC (PAS_FUNC_ID, FUNC_NAME, FUNC_DESC, PARENT_FUNC_ID, FUNC_LEVEL, FUNC_NUM, FUNC_TYPE, FUNC_DN, FUNC_FLAG) values (12, 'get tasks', 'page query tasks', 9, 3, 2, 2, 'POST:/fwa/task/page', 1);
insert into PAS_FUNC (PAS_FUNC_ID, FUNC_NAME, FUNC_DESC, PARENT_FUNC_ID, FUNC_LEVEL, FUNC_NUM, FUNC_TYPE, FUNC_DN, FUNC_FLAG) values (13, 'merge task', 'merge task', 9, 3, 3, 2, 'GET:/fwa/task/merge', 1);
insert into PAS_FUNC (PAS_FUNC_ID, FUNC_NAME, FUNC_DESC, PARENT_FUNC_ID, FUNC_LEVEL, FUNC_NUM, FUNC_TYPE, FUNC_DN, FUNC_FLAG) values (14, 'g ts b rid', 'get tasks by refid', 9, 3, 4, 2, 'GET:/fwa/task/referral', 1);
insert into PAS_FUNC (PAS_FUNC_ID, FUNC_NAME, FUNC_DESC, PARENT_FUNC_ID, FUNC_LEVEL, FUNC_NUM, FUNC_TYPE, FUNC_DN, FUNC_FLAG) values (15, 'send task', 'send task', 9, 3, 5, 2, 'POST:/fwa/task/send', 1);
insert into PAS_FUNC (PAS_FUNC_ID, FUNC_NAME, FUNC_DESC, PARENT_FUNC_ID, FUNC_LEVEL, FUNC_NUM, FUNC_TYPE, FUNC_DN, FUNC_FLAG) values (16, 'dictionary', 'proc dictionary', 2, 2, 3, 2, '/fwa/dictionary', 1);
insert into PAS_FUNC (PAS_FUNC_ID, FUNC_NAME, FUNC_DESC, PARENT_FUNC_ID, FUNC_LEVEL, FUNC_NUM, FUNC_TYPE, FUNC_DN, FUNC_FLAG) values (17, 'get dict', 'get dicts by gn', 16, 3, 0, 2, 'GET:/fwa/dictionary', 1);
insert into PAS_FUNC (PAS_FUNC_ID, FUNC_NAME, FUNC_DESC, PARENT_FUNC_ID, FUNC_LEVEL, FUNC_NUM, FUNC_TYPE, FUNC_DN, FUNC_FLAG) values (18, 'analysis', 'proc inf related aly', 2, 2, 2, 2, '/fwa/analysis', 1);
insert into PAS_FUNC (PAS_FUNC_ID, FUNC_NAME, FUNC_DESC, PARENT_FUNC_ID, FUNC_LEVEL, FUNC_NUM, FUNC_TYPE, FUNC_DN, FUNC_FLAG) values (20, 'gts b tid', 'get aly by taskid', 18, 3, 1, 2, 'GET:/fwa/analysis/taskcont', 1);
insert into PAS_FUNC (PAS_FUNC_ID, FUNC_NAME, FUNC_DESC, PARENT_FUNC_ID, FUNC_LEVEL, FUNC_NUM, FUNC_TYPE, FUNC_DN, FUNC_FLAG) values (21, 'mgr', 'mgr', 1, 1, 3, 2, '/mgr', 1);
insert into PAS_FUNC (PAS_FUNC_ID, FUNC_NAME, FUNC_DESC, PARENT_FUNC_ID, FUNC_LEVEL, FUNC_NUM, FUNC_TYPE, FUNC_DN, FUNC_FLAG) values (22, 'config', 'config', 21, 2, 4, 2, '/mgr/mgr', 1);
insert into PAS_FUNC (PAS_FUNC_ID, FUNC_NAME, FUNC_DESC, PARENT_FUNC_ID, FUNC_LEVEL, FUNC_NUM, FUNC_TYPE, FUNC_DN, FUNC_FLAG) values (23, 'heatarea', 'paHeatareaAll', 22, 3, 5, 2, 'GET:/mgr/mgr/paHeatareaAll', 1);
insert into PAS_FUNC (PAS_FUNC_ID, FUNC_NAME, FUNC_DESC, PARENT_FUNC_ID, FUNC_LEVEL, FUNC_NUM, FUNC_TYPE, FUNC_DN, FUNC_FLAG) values (24, 'delete', 'delete heatarea', 22, 3, 6, 2, 'DELETE:/mgr/mgr/paHeatarea', 1);
insert into PAS_FUNC (PAS_FUNC_ID, FUNC_NAME, FUNC_DESC, PARENT_FUNC_ID, FUNC_LEVEL, FUNC_NUM, FUNC_TYPE, FUNC_DN, FUNC_FLAG) values (25, 'add', 'addPaHeatarea', 22, 3, 7, 2, 'POST:/mgr/mgr/paHeatarea', 1);
insert into PAS_FUNC (PAS_FUNC_ID, FUNC_NAME, FUNC_DESC, PARENT_FUNC_ID, FUNC_LEVEL, FUNC_NUM, FUNC_TYPE, FUNC_DN, FUNC_FLAG) values (26, 'update', 'updatePaHeatarea', 22, 3, 8, 2, 'PUT:/mgr/mgr/paHeatarea', 1);
insert into PAS_FUNC (PAS_FUNC_ID, FUNC_NAME, FUNC_DESC, PARENT_FUNC_ID, FUNC_LEVEL, FUNC_NUM, FUNC_TYPE, FUNC_DN, FUNC_FLAG) values (27, 'FWA', 'FWA Menu', 0, 1, 1, 1, '/', 1);
insert into PAS_FUNC (PAS_FUNC_ID, FUNC_NAME, FUNC_DESC, PARENT_FUNC_ID, FUNC_LEVEL, FUNC_NUM, FUNC_TYPE, FUNC_DN, FUNC_FLAG) values (28, 'Configuration', 'Configuration Menu', 0, 1, 2, 1, '/', 1);
insert into PAS_FUNC (PAS_FUNC_ID, FUNC_NAME, FUNC_DESC, PARENT_FUNC_ID, FUNC_LEVEL, FUNC_NUM, FUNC_TYPE, FUNC_DN, FUNC_FLAG) values (29, 'auth', 'auth service', 1, 1, 1, 2, '/auth', 1);
insert into PAS_FUNC (PAS_FUNC_ID, FUNC_NAME, FUNC_DESC, PARENT_FUNC_ID, FUNC_LEVEL, FUNC_NUM, FUNC_TYPE, FUNC_DN, FUNC_FLAG) values (30, 'user', 'auth user', 29, 2, 1, 2, '/auth/user', 1);
insert into PAS_FUNC (PAS_FUNC_ID, FUNC_NAME, FUNC_DESC, PARENT_FUNC_ID, FUNC_LEVEL, FUNC_NUM, FUNC_TYPE, FUNC_DN, FUNC_FLAG) values (31, 'menus', 'auth get menus', 30, 3, 1, 2, 'GET:/auth/user/menus', 1);
insert into PAS_FUNC (PAS_FUNC_ID, FUNC_NAME, FUNC_DESC, PARENT_FUNC_ID, FUNC_LEVEL, FUNC_NUM, FUNC_TYPE, FUNC_DN, FUNC_FLAG) values (32, 'get dicts', 'get dicts by gns', 16, 3, 1, 2, 'POST:/fwa/dictionary', 1);
insert into PAS_FUNC (PAS_FUNC_ID, FUNC_NAME, FUNC_DESC, PARENT_FUNC_ID, FUNC_LEVEL, FUNC_NUM, FUNC_TYPE, FUNC_DN, FUNC_FLAG) values (33, 'Referral', 'referral', 27, 2, 1, 1, '/fwa/referral', 1);
insert into PAS_FUNC (PAS_FUNC_ID, FUNC_NAME, FUNC_DESC, PARENT_FUNC_ID, FUNC_LEVEL, FUNC_NUM, FUNC_TYPE, FUNC_DN, FUNC_FLAG) values (34, 'Analysis', 'analysis', 27, 2, 2, 1, '/fwa/task', 1);
insert into PAS_FUNC (PAS_FUNC_ID, FUNC_NAME, FUNC_DESC, PARENT_FUNC_ID, FUNC_LEVEL, FUNC_NUM, FUNC_TYPE, FUNC_DN, FUNC_FLAG) values (35, 'HeatArea', 'heat', 28, 2, 1, 1, '/configuration/heatArea', 1);
insert into PAS_FUNC (PAS_FUNC_ID, FUNC_NAME, FUNC_DESC, PARENT_FUNC_ID, FUNC_LEVEL, FUNC_NUM, FUNC_TYPE, FUNC_DN, FUNC_FLAG) values (36, 'Provider', 'provider', 28, 2, 2, 1, '/configuration/provider', 1);
insert into PAS_FUNC (PAS_FUNC_ID, FUNC_NAME, FUNC_DESC, PARENT_FUNC_ID, FUNC_LEVEL, FUNC_NUM, FUNC_TYPE, FUNC_DN, FUNC_FLAG) values (37, 'Users', 'user', 28, 2, 3, 1, '/configuration/users', 1);
insert into PAS_FUNC (PAS_FUNC_ID, FUNC_NAME, FUNC_DESC, PARENT_FUNC_ID, FUNC_LEVEL, FUNC_NUM, FUNC_TYPE, FUNC_DN, FUNC_FLAG) values (38, 'get task', 'get task by id', 18, 3, 2, 2, 'GET:/fwa/analysis/task', 1);
insert into PAS_FUNC (PAS_FUNC_ID, FUNC_NAME, FUNC_DESC, PARENT_FUNC_ID, FUNC_LEVEL, FUNC_NUM, FUNC_TYPE, FUNC_DN, FUNC_FLAG) values (39, 'get dtr', 'get dtr by id', 18, 3, 3, 2, 'GET:/fwa/analysis/dtr', 1);
insert into PAS_FUNC (PAS_FUNC_ID, FUNC_NAME, FUNC_DESC, PARENT_FUNC_ID, FUNC_LEVEL, FUNC_NUM, FUNC_TYPE, FUNC_DN, FUNC_FLAG) values (40, 'get self d', 'get dtr self', 18, 3, 4, 2, 'GET:/fwa/analysis/dtrself', 1);
insert into PAS_FUNC (PAS_FUNC_ID, FUNC_NAME, FUNC_DESC, PARENT_FUNC_ID, FUNC_LEVEL, FUNC_NUM, FUNC_TYPE, FUNC_DN, FUNC_FLAG) values (41, 'get kpi', 'get kpi by id', 18, 3, 5, 2, 'GET:/fwa/analysis/kpi', 1);
insert into PAS_FUNC (PAS_FUNC_ID, FUNC_NAME, FUNC_DESC, PARENT_FUNC_ID, FUNC_LEVEL, FUNC_NUM, FUNC_TYPE, FUNC_DN, FUNC_FLAG) values (42, 'get kpis', 'get kpis by id', 18, 3, 6, 2, 'GET:/fwa/analysis/kpisingle', 1);
insert into PAS_FUNC (PAS_FUNC_ID, FUNC_NAME, FUNC_DESC, PARENT_FUNC_ID, FUNC_LEVEL, FUNC_NUM, FUNC_TYPE, FUNC_DN, FUNC_FLAG) values (43, 'get kmulti', 'get kmulti by id', 18, 3, 7, 2, 'GET:/fwa/analysis/kpimulti', 1);
insert into PAS_FUNC (PAS_FUNC_ID, FUNC_NAME, FUNC_DESC, PARENT_FUNC_ID, FUNC_LEVEL, FUNC_NUM, FUNC_TYPE, FUNC_DN, FUNC_FLAG) values (44, 'save ref', 'save ref', 18, 3, 8, 2, 'POST:/fwa/analysis/alyref/save', 1);
insert into PAS_FUNC (PAS_FUNC_ID, FUNC_NAME, FUNC_DESC, PARENT_FUNC_ID, FUNC_LEVEL, FUNC_NUM, FUNC_TYPE, FUNC_DN, FUNC_FLAG) values (45, 'done ref', 'complete ref', 18, 3, 9, 2, 'POST:/fwa/analysis/alyref/complete', 1);
insert into PAS_FUNC (PAS_FUNC_ID, FUNC_NAME, FUNC_DESC, PARENT_FUNC_ID, FUNC_LEVEL, FUNC_NUM, FUNC_TYPE, FUNC_DN, FUNC_FLAG) values (46, 'save aly', 'save aly', 18, 3, 10, 2, 'POST:/fwa/analysis/alycont/save', 1);
insert into PAS_FUNC (PAS_FUNC_ID, FUNC_NAME, FUNC_DESC, PARENT_FUNC_ID, FUNC_LEVEL, FUNC_NUM, FUNC_TYPE, FUNC_DN, FUNC_FLAG) values (47, 'done aly', 'complete aly', 18, 3, 11, 2, 'POST:/fwa/analysis/alycont/complete', 1);
insert into PAS_FUNC (PAS_FUNC_ID, FUNC_NAME, FUNC_DESC, PARENT_FUNC_ID, FUNC_LEVEL, FUNC_NUM, FUNC_TYPE, FUNC_DN, FUNC_FLAG) values (48, 'save recom', 'save recom', 18, 3, 12, 2, 'POST:/fwa/analysis/alyrecom/save', 1);
insert into PAS_FUNC (PAS_FUNC_ID, FUNC_NAME, FUNC_DESC, PARENT_FUNC_ID, FUNC_LEVEL, FUNC_NUM, FUNC_TYPE, FUNC_DN, FUNC_FLAG) values (49, 'done recom', 'complete recom', 18, 3, 13, 2, 'POST:/fwa/analysis/alyrecom/complete', 1);
insert into PAS_FUNC (PAS_FUNC_ID, FUNC_NAME, FUNC_DESC, PARENT_FUNC_ID, FUNC_LEVEL, FUNC_NUM, FUNC_TYPE, FUNC_DN, FUNC_FLAG) values (50, 'get ref', 'get ref by id', 18, 3, 14, 2, 'GET:/fwa/analysis/taskref', 1);
insert into PAS_FUNC (PAS_FUNC_ID, FUNC_NAME, FUNC_DESC, PARENT_FUNC_ID, FUNC_LEVEL, FUNC_NUM, FUNC_TYPE, FUNC_DN, FUNC_FLAG) values (51, 'get cont', 'get cont by id', 18, 3, 15, 2, 'GET:/fwa/analysis/taskcont', 1);
insert into PAS_FUNC (PAS_FUNC_ID, FUNC_NAME, FUNC_DESC, PARENT_FUNC_ID, FUNC_LEVEL, FUNC_NUM, FUNC_TYPE, FUNC_DN, FUNC_FLAG) values (52, 'get recom', 'get recom by id', 18, 3, 16, 2, 'GET:/fwa/analysis/taskrecom', 1);
insert into PAS_FUNC (PAS_FUNC_ID, FUNC_NAME, FUNC_DESC, PARENT_FUNC_ID, FUNC_LEVEL, FUNC_NUM, FUNC_TYPE, FUNC_DN, FUNC_FLAG) values (53, 'get pha', 'get pha', 18, 3, 17, 2, 'GET:/fwa/analysis/pha', 1);
insert into PAS_FUNC (PAS_FUNC_ID, FUNC_NAME, FUNC_DESC, PARENT_FUNC_ID, FUNC_LEVEL, FUNC_NUM, FUNC_TYPE, FUNC_DN, FUNC_FLAG) values (54, 'get phy', 'get phy', 18, 3, 18, 2, 'GET:/fwa/analysis/phy', 1);
insert into PAS_FUNC (PAS_FUNC_ID, FUNC_NAME, FUNC_DESC, PARENT_FUNC_ID, FUNC_LEVEL, FUNC_NUM, FUNC_TYPE, FUNC_DN, FUNC_FLAG) values (55, 'get mem', 'get mem', 18, 3, 19, 2, 'GET:/fwa/analysis/mem', 1);
insert into PAS_FUNC (PAS_FUNC_ID, FUNC_NAME, FUNC_DESC, PARENT_FUNC_ID, FUNC_LEVEL, FUNC_NUM, FUNC_TYPE, FUNC_DN, FUNC_FLAG) values (56, 'get ana', 'get analysis', 18, 3, 20, 2, 'GET:/fwa/analysis/allanalysis', 1);
insert into PAS_FUNC (PAS_FUNC_ID, FUNC_NAME, FUNC_DESC, PARENT_FUNC_ID, FUNC_LEVEL, FUNC_NUM, FUNC_TYPE, FUNC_DN, FUNC_FLAG) values (57, 'cancel', 'cancel task', 9, 3, 7, 2, 'GET:/fwa/task/cancel', 1);
insert into PAS_FUNC (PAS_FUNC_ID, FUNC_NAME, FUNC_DESC, PARENT_FUNC_ID, FUNC_LEVEL, FUNC_NUM, FUNC_TYPE, FUNC_DN, FUNC_FLAG) values (58, 'DeleProvid', 'DeletePaProvider', 22, 3, 21, 2, 'DELETE:/mgr/mgr/paProvider', 1);
insert into PAS_FUNC (PAS_FUNC_ID, FUNC_NAME, FUNC_DESC, PARENT_FUNC_ID, FUNC_LEVEL, FUNC_NUM, FUNC_TYPE, FUNC_DN, FUNC_FLAG) values (59, 'UpProvid', 'UpdatePaProvider', 22, 3, 22, 2, 'PUT:/mgr/mgr/paProvider', 1);
insert into PAS_FUNC (PAS_FUNC_ID, FUNC_NAME, FUNC_DESC, PARENT_FUNC_ID, FUNC_LEVEL, FUNC_NUM, FUNC_TYPE, FUNC_DN, FUNC_FLAG) values (60, 'AddProvid', 'AddPaProvider', 22, 3, 23, 2, 'POST:/mgr/mgr/paProvider', 1);
insert into PAS_FUNC (PAS_FUNC_ID, FUNC_NAME, FUNC_DESC, PARENT_FUNC_ID, FUNC_LEVEL, FUNC_NUM, FUNC_TYPE, FUNC_DN, FUNC_FLAG) values (61, 'PageProvid', 'PagePaProvider', 22, 3, 24, 2, 'POST:/mgr/mgr/pagePaProvider', 1);
insert into PAS_FUNC (PAS_FUNC_ID, FUNC_NAME, FUNC_DESC, PARENT_FUNC_ID, FUNC_LEVEL, FUNC_NUM, FUNC_TYPE, FUNC_DN, FUNC_FLAG) values (62, 'MRoleALL', 'PasMngRoleAll', 22, 3, 25, 2, 'GET:/mgr/mgr/pasMngRoleAll', 1);
insert into PAS_FUNC (PAS_FUNC_ID, FUNC_NAME, FUNC_DESC, PARENT_FUNC_ID, FUNC_LEVEL, FUNC_NUM, FUNC_TYPE, FUNC_DN, FUNC_FLAG) values (63, 'DeleRUser', 'DeletePaRoleUserById', 22, 3, 26, 2, 'DELETE:/mgr/mgr/paRoleUser', 1);
insert into PAS_FUNC (PAS_FUNC_ID, FUNC_NAME, FUNC_DESC, PARENT_FUNC_ID, FUNC_LEVEL, FUNC_NUM, FUNC_TYPE, FUNC_DN, FUNC_FLAG) values (64, 'AddRUser', 'AddPasRoleUser', 22, 3, 27, 2, 'POST:/mgr/mgr/paRoleUser', 1);
insert into PAS_FUNC (PAS_FUNC_ID, FUNC_NAME, FUNC_DESC, PARENT_FUNC_ID, FUNC_LEVEL, FUNC_NUM, FUNC_TYPE, FUNC_DN, FUNC_FLAG) values (65, 'claim ', 'claimServer', 1, 1, 1, 2, '/claims', 1);
insert into PAS_FUNC (PAS_FUNC_ID, FUNC_NAME, FUNC_DESC, PARENT_FUNC_ID, FUNC_LEVEL, FUNC_NUM, FUNC_TYPE, FUNC_DN, FUNC_FLAG) values (66, 'Select', 'claim find', 65, 2, 1, 2, '/claims/claim', 1);
insert into PAS_FUNC (PAS_FUNC_ID, FUNC_NAME, FUNC_DESC, PARENT_FUNC_ID, FUNC_LEVEL, FUNC_NUM, FUNC_TYPE, FUNC_DN, FUNC_FLAG) values (67, 'getClaims', 'getClaimsList', 66, 3, 1, 2, 'POST:/claims/claim/list', 1);
insert into PAS_FUNC (PAS_FUNC_ID, FUNC_NAME, FUNC_DESC, PARENT_FUNC_ID, FUNC_LEVEL, FUNC_NUM, FUNC_TYPE, FUNC_DN, FUNC_FLAG) values (68, 'getClaim', 'getClaimById', 66, 3, 2, 2, 'GET:/claims/claim/get', 1);
insert into PAS_FUNC (PAS_FUNC_ID, FUNC_NAME, FUNC_DESC, PARENT_FUNC_ID, FUNC_LEVEL, FUNC_NUM, FUNC_TYPE, FUNC_DN, FUNC_FLAG) values (69, 'claimexcel', 'DownLoadexcel', 66, 3, 3, 2, 'POST:/claims/claim/excel', 1);
insert into PAS_FUNC (PAS_FUNC_ID, FUNC_NAME, FUNC_DESC, PARENT_FUNC_ID, FUNC_LEVEL, FUNC_NUM, FUNC_TYPE, FUNC_DN, FUNC_FLAG) values (70, 'claimgrid', 'select claim grid', 65, 2, 1, 2, '/claims/grid', 1);
insert into PAS_FUNC (PAS_FUNC_ID, FUNC_NAME, FUNC_DESC, PARENT_FUNC_ID, FUNC_LEVEL, FUNC_NUM, FUNC_TYPE, FUNC_DN, FUNC_FLAG) values (71, 'pharmcy', 'find pharmcy', 70, 3, 1, 2, 'GET:/claims/grid/pharmacy', 1);
insert into PAS_FUNC (PAS_FUNC_ID, FUNC_NAME, FUNC_DESC, PARENT_FUNC_ID, FUNC_LEVEL, FUNC_NUM, FUNC_TYPE, FUNC_DN, FUNC_FLAG) values (72, 'prescriber', 'prescriber', 70, 3, 2, 2, 'GET:/claims/grid/prescriber', 1);
insert into PAS_FUNC (PAS_FUNC_ID, FUNC_NAME, FUNC_DESC, PARENT_FUNC_ID, FUNC_LEVEL, FUNC_NUM, FUNC_TYPE, FUNC_DN, FUNC_FLAG) values (73, 'member', 'member', 70, 3, 3, 2, 'GET:/claims/grid/member', 1);
insert into PAS_FUNC (PAS_FUNC_ID, FUNC_NAME, FUNC_DESC, PARENT_FUNC_ID, FUNC_LEVEL, FUNC_NUM, FUNC_TYPE, FUNC_DN, FUNC_FLAG) values (74, 'hq', 'hqInfo', 70, 3, 4, 2, 'GET:/claims/grid/hq', 1);
insert into PAS_FUNC (PAS_FUNC_ID, FUNC_NAME, FUNC_DESC, PARENT_FUNC_ID, FUNC_LEVEL, FUNC_NUM, FUNC_TYPE, FUNC_DN, FUNC_FLAG) values (75, 'pageAly', 'page query aly', 18, 3, 21, 2, 'POST:/fwa/analysis/page', 1);
insert into PAS_FUNC (PAS_FUNC_ID, FUNC_NAME, FUNC_DESC, PARENT_FUNC_ID, FUNC_LEVEL, FUNC_NUM, FUNC_TYPE, FUNC_DN, FUNC_FLAG) values (76, 'get role', 'get role type', 18, 3, 22, 2, 'GET:/fwa/analysis/getrole', 1);
insert into PAS_FUNC (PAS_FUNC_ID, FUNC_NAME, FUNC_DESC, PARENT_FUNC_ID, FUNC_LEVEL, FUNC_NUM, FUNC_TYPE, FUNC_DN, FUNC_FLAG) values (77, 'export', 'export report', 18, 3, 23, 2, 'GET:/fwa/analysis/exportReport', 1);
insert into PAS_FUNC (PAS_FUNC_ID, FUNC_NAME, FUNC_DESC, PARENT_FUNC_ID, FUNC_LEVEL, FUNC_NUM, FUNC_TYPE, FUNC_DN, FUNC_FLAG) values (78, 'heat area', 'heat area', 18, 3, 24, 2, 'GET:/fwa/analysis/heatArea', 1);
-- ROLE
delete from PAS_ROLE;
insert into PAS_ROLE (PAS_ROLE_ID, ROLE_NAME, FLAG) values (1, 'Administrator', 2);
insert into PAS_ROLE (PAS_ROLE_ID, ROLE_NAME, FLAG) values (2, 'BA Analyst', 2);
insert into PAS_ROLE (PAS_ROLE_ID, ROLE_NAME, FLAG) values (3, 'SIU Analyst', 2);
insert into PAS_ROLE (PAS_ROLE_ID, ROLE_NAME, FLAG) values (4, 'Clinical Analyst', 2);
insert into PAS_ROLE (PAS_ROLE_ID, ROLE_NAME, FLAG) values (5, 'Analyst Manager', 2);
-- USER_ROLE
delete from PAS_ROLE_USER;
insert into PAS_ROLE_USER (PAS_ROLE_USER_ID, PAS_ROLE_ID, USER_CODE) values (1, 1, 'admin');
insert into PAS_ROLE_USER (PAS_ROLE_USER_ID, PAS_ROLE_ID, USER_CODE) values (2, 2, 'ba');
insert into PAS_ROLE_USER (PAS_ROLE_USER_ID, PAS_ROLE_ID, USER_CODE) values (3, 3, 'siu');
insert into PAS_ROLE_USER (PAS_ROLE_USER_ID, PAS_ROLE_ID, USER_CODE) values (4, 4, 'clinical');
insert into PAS_ROLE_USER (PAS_ROLE_USER_ID, PAS_ROLE_ID, USER_CODE) values (5, 5, 'analyst');
insert into PAS_ROLE_USER (PAS_ROLE_USER_ID, PAS_ROLE_ID, USER_CODE) values (6, 5, 'zhao');
insert into PAS_ROLE_USER (PAS_ROLE_USER_ID, PAS_ROLE_ID, USER_CODE) values (7, 5, 'wang');
insert into PAS_ROLE_USER (PAS_ROLE_USER_ID, PAS_ROLE_ID, USER_CODE) values (8, 5, 'lijin');
-- ROLE_FUNC
delete from PAS_ROLE_FUNC;
      -- admin menu
insert into PAS_ROLE_FUNC (PAS_ROLE_FUNC_ID, PAS_ROLE_ID, PAS_FUNC_ID) values (1, 1, 28);
insert into PAS_ROLE_FUNC (PAS_ROLE_FUNC_ID, PAS_ROLE_ID, PAS_FUNC_ID) values (2, 1, 35);
insert into PAS_ROLE_FUNC (PAS_ROLE_FUNC_ID, PAS_ROLE_ID, PAS_FUNC_ID) values (3, 1, 36);
insert into PAS_ROLE_FUNC (PAS_ROLE_FUNC_ID, PAS_ROLE_ID, PAS_FUNC_ID) values (4, 1, 37);
      -- ba menu
insert into PAS_ROLE_FUNC (PAS_ROLE_FUNC_ID, PAS_ROLE_ID, PAS_FUNC_ID) values (5, 2, 27);
insert into PAS_ROLE_FUNC (PAS_ROLE_FUNC_ID, PAS_ROLE_ID, PAS_FUNC_ID) values (6, 2, 34);
      -- siu menu
insert into PAS_ROLE_FUNC (PAS_ROLE_FUNC_ID, PAS_ROLE_ID, PAS_FUNC_ID) values (7, 3, 27);
insert into PAS_ROLE_FUNC (PAS_ROLE_FUNC_ID, PAS_ROLE_ID, PAS_FUNC_ID) values (8, 3, 33);
insert into PAS_ROLE_FUNC (PAS_ROLE_FUNC_ID, PAS_ROLE_ID, PAS_FUNC_ID) values (9, 3, 34);
      --clinic menu
insert into PAS_ROLE_FUNC (PAS_ROLE_FUNC_ID, PAS_ROLE_ID, PAS_FUNC_ID) values (10, 4, 27);
insert into PAS_ROLE_FUNC (PAS_ROLE_FUNC_ID, PAS_ROLE_ID, PAS_FUNC_ID) values (11, 4, 34);
      --analyst menu
insert into PAS_ROLE_FUNC (PAS_ROLE_FUNC_ID, PAS_ROLE_ID, PAS_FUNC_ID) values (12, 5, 28);
insert into PAS_ROLE_FUNC (PAS_ROLE_FUNC_ID, PAS_ROLE_ID, PAS_FUNC_ID) values (13, 5, 35);
insert into PAS_ROLE_FUNC (PAS_ROLE_FUNC_ID, PAS_ROLE_ID, PAS_FUNC_ID) values (14, 5, 36);
insert into PAS_ROLE_FUNC (PAS_ROLE_FUNC_ID, PAS_ROLE_ID, PAS_FUNC_ID) values (15, 5, 37);
insert into PAS_ROLE_FUNC (PAS_ROLE_FUNC_ID, PAS_ROLE_ID, PAS_FUNC_ID) values (16, 5, 27);
insert into PAS_ROLE_FUNC (PAS_ROLE_FUNC_ID, PAS_ROLE_ID, PAS_FUNC_ID) values (17, 5, 33);
insert into PAS_ROLE_FUNC (PAS_ROLE_FUNC_ID, PAS_ROLE_ID, PAS_FUNC_ID) values (18, 5, 34);

--admin
insert into PAS_ROLE_FUNC (PAS_ROLE_FUNC_ID, PAS_ROLE_ID, PAS_FUNC_ID) values (19, 1, 1);
insert into PAS_ROLE_FUNC (PAS_ROLE_FUNC_ID, PAS_ROLE_ID, PAS_FUNC_ID) values (20, 1, 2);
insert into PAS_ROLE_FUNC (PAS_ROLE_FUNC_ID, PAS_ROLE_ID, PAS_FUNC_ID) values (21, 1, 3);
insert into PAS_ROLE_FUNC (PAS_ROLE_FUNC_ID, PAS_ROLE_ID, PAS_FUNC_ID) values (22, 1, 4);
insert into PAS_ROLE_FUNC (PAS_ROLE_FUNC_ID, PAS_ROLE_ID, PAS_FUNC_ID) values (23, 1, 5);
insert into PAS_ROLE_FUNC (PAS_ROLE_FUNC_ID, PAS_ROLE_ID, PAS_FUNC_ID) values (24, 1, 6);
insert into PAS_ROLE_FUNC (PAS_ROLE_FUNC_ID, PAS_ROLE_ID, PAS_FUNC_ID) values (25, 1, 7);
insert into PAS_ROLE_FUNC (PAS_ROLE_FUNC_ID, PAS_ROLE_ID, PAS_FUNC_ID) values (26, 1, 8);
insert into PAS_ROLE_FUNC (PAS_ROLE_FUNC_ID, PAS_ROLE_ID, PAS_FUNC_ID) values (27, 1, 9);
insert into PAS_ROLE_FUNC (PAS_ROLE_FUNC_ID, PAS_ROLE_ID, PAS_FUNC_ID) values (28, 1, 10);
insert into PAS_ROLE_FUNC (PAS_ROLE_FUNC_ID, PAS_ROLE_ID, PAS_FUNC_ID) values (29, 1, 11);
insert into PAS_ROLE_FUNC (PAS_ROLE_FUNC_ID, PAS_ROLE_ID, PAS_FUNC_ID) values (30, 1, 12);
insert into PAS_ROLE_FUNC (PAS_ROLE_FUNC_ID, PAS_ROLE_ID, PAS_FUNC_ID) values (31, 1, 13);
insert into PAS_ROLE_FUNC (PAS_ROLE_FUNC_ID, PAS_ROLE_ID, PAS_FUNC_ID) values (32, 1, 14);
insert into PAS_ROLE_FUNC (PAS_ROLE_FUNC_ID, PAS_ROLE_ID, PAS_FUNC_ID) values (33, 1, 15);
insert into PAS_ROLE_FUNC (PAS_ROLE_FUNC_ID, PAS_ROLE_ID, PAS_FUNC_ID) values (34, 1, 16);
insert into PAS_ROLE_FUNC (PAS_ROLE_FUNC_ID, PAS_ROLE_ID, PAS_FUNC_ID) values (35, 1, 17);
insert into PAS_ROLE_FUNC (PAS_ROLE_FUNC_ID, PAS_ROLE_ID, PAS_FUNC_ID) values (36, 1, 18);
insert into PAS_ROLE_FUNC (PAS_ROLE_FUNC_ID, PAS_ROLE_ID, PAS_FUNC_ID) values (37, 1, 21);
insert into PAS_ROLE_FUNC (PAS_ROLE_FUNC_ID, PAS_ROLE_ID, PAS_FUNC_ID) values (38, 1, 22);
insert into PAS_ROLE_FUNC (PAS_ROLE_FUNC_ID, PAS_ROLE_ID, PAS_FUNC_ID) values (39, 1, 23);
insert into PAS_ROLE_FUNC (PAS_ROLE_FUNC_ID, PAS_ROLE_ID, PAS_FUNC_ID) values (40, 1, 24);
insert into PAS_ROLE_FUNC (PAS_ROLE_FUNC_ID, PAS_ROLE_ID, PAS_FUNC_ID) values (41, 1, 25);
insert into PAS_ROLE_FUNC (PAS_ROLE_FUNC_ID, PAS_ROLE_ID, PAS_FUNC_ID) values (42, 1, 26);
insert into PAS_ROLE_FUNC (PAS_ROLE_FUNC_ID, PAS_ROLE_ID, PAS_FUNC_ID) values (43, 1, 31);
insert into PAS_ROLE_FUNC (PAS_ROLE_FUNC_ID, PAS_ROLE_ID, PAS_FUNC_ID) values (44, 1, 32);
insert into PAS_ROLE_FUNC (PAS_ROLE_FUNC_ID, PAS_ROLE_ID, PAS_FUNC_ID) values (45, 1, 39);
insert into PAS_ROLE_FUNC (PAS_ROLE_FUNC_ID, PAS_ROLE_ID, PAS_FUNC_ID) values (46, 1, 40);
insert into PAS_ROLE_FUNC (PAS_ROLE_FUNC_ID, PAS_ROLE_ID, PAS_FUNC_ID) values (47, 1, 41);
insert into PAS_ROLE_FUNC (PAS_ROLE_FUNC_ID, PAS_ROLE_ID, PAS_FUNC_ID) values (48, 1, 42);
insert into PAS_ROLE_FUNC (PAS_ROLE_FUNC_ID, PAS_ROLE_ID, PAS_FUNC_ID) values (49, 1, 43);
insert into PAS_ROLE_FUNC (PAS_ROLE_FUNC_ID, PAS_ROLE_ID, PAS_FUNC_ID) values (50, 1, 44);
insert into PAS_ROLE_FUNC (PAS_ROLE_FUNC_ID, PAS_ROLE_ID, PAS_FUNC_ID) values (51, 1, 45);
insert into PAS_ROLE_FUNC (PAS_ROLE_FUNC_ID, PAS_ROLE_ID, PAS_FUNC_ID) values (52, 1, 46);
insert into PAS_ROLE_FUNC (PAS_ROLE_FUNC_ID, PAS_ROLE_ID, PAS_FUNC_ID) values (53, 1, 47);
insert into PAS_ROLE_FUNC (PAS_ROLE_FUNC_ID, PAS_ROLE_ID, PAS_FUNC_ID) values (54, 1, 48);
insert into PAS_ROLE_FUNC (PAS_ROLE_FUNC_ID, PAS_ROLE_ID, PAS_FUNC_ID) values (55, 1, 49);
insert into PAS_ROLE_FUNC (PAS_ROLE_FUNC_ID, PAS_ROLE_ID, PAS_FUNC_ID) values (56, 1, 50);
insert into PAS_ROLE_FUNC (PAS_ROLE_FUNC_ID, PAS_ROLE_ID, PAS_FUNC_ID) values (57, 1, 51);
insert into PAS_ROLE_FUNC (PAS_ROLE_FUNC_ID, PAS_ROLE_ID, PAS_FUNC_ID) values (58, 1, 52);
insert into PAS_ROLE_FUNC (PAS_ROLE_FUNC_ID, PAS_ROLE_ID, PAS_FUNC_ID) values (59, 1, 53);
insert into PAS_ROLE_FUNC (PAS_ROLE_FUNC_ID, PAS_ROLE_ID, PAS_FUNC_ID) values (60, 1, 54);
insert into PAS_ROLE_FUNC (PAS_ROLE_FUNC_ID, PAS_ROLE_ID, PAS_FUNC_ID) values (61, 1, 55);
insert into PAS_ROLE_FUNC (PAS_ROLE_FUNC_ID, PAS_ROLE_ID, PAS_FUNC_ID) values (62, 1, 56);
insert into PAS_ROLE_FUNC (PAS_ROLE_FUNC_ID, PAS_ROLE_ID, PAS_FUNC_ID) values (63, 1, 57);
insert into PAS_ROLE_FUNC (PAS_ROLE_FUNC_ID, PAS_ROLE_ID, PAS_FUNC_ID) values (64, 1, 58);
insert into PAS_ROLE_FUNC (PAS_ROLE_FUNC_ID, PAS_ROLE_ID, PAS_FUNC_ID) values (65, 1, 59);
insert into PAS_ROLE_FUNC (PAS_ROLE_FUNC_ID, PAS_ROLE_ID, PAS_FUNC_ID) values (66, 1, 60);
insert into PAS_ROLE_FUNC (PAS_ROLE_FUNC_ID, PAS_ROLE_ID, PAS_FUNC_ID) values (67, 1, 61);
insert into PAS_ROLE_FUNC (PAS_ROLE_FUNC_ID, PAS_ROLE_ID, PAS_FUNC_ID) values (68, 1, 62);
insert into PAS_ROLE_FUNC (PAS_ROLE_FUNC_ID, PAS_ROLE_ID, PAS_FUNC_ID) values (69, 1, 63);
insert into PAS_ROLE_FUNC (PAS_ROLE_FUNC_ID, PAS_ROLE_ID, PAS_FUNC_ID) values (70, 1, 64);
insert into PAS_ROLE_FUNC (PAS_ROLE_FUNC_ID, PAS_ROLE_ID, PAS_FUNC_ID) values (71, 1, 66);
insert into PAS_ROLE_FUNC (PAS_ROLE_FUNC_ID, PAS_ROLE_ID, PAS_FUNC_ID) values (72, 1, 67);
insert into PAS_ROLE_FUNC (PAS_ROLE_FUNC_ID, PAS_ROLE_ID, PAS_FUNC_ID) values (73, 1, 68);
insert into PAS_ROLE_FUNC (PAS_ROLE_FUNC_ID, PAS_ROLE_ID, PAS_FUNC_ID) values (74, 1, 69);
insert into PAS_ROLE_FUNC (PAS_ROLE_FUNC_ID, PAS_ROLE_ID, PAS_FUNC_ID) values (75, 1, 70);
insert into PAS_ROLE_FUNC (PAS_ROLE_FUNC_ID, PAS_ROLE_ID, PAS_FUNC_ID) values (76, 1, 71);
insert into PAS_ROLE_FUNC (PAS_ROLE_FUNC_ID, PAS_ROLE_ID, PAS_FUNC_ID) values (77, 1, 72);
insert into PAS_ROLE_FUNC (PAS_ROLE_FUNC_ID, PAS_ROLE_ID, PAS_FUNC_ID) values (78, 1, 73);
insert into PAS_ROLE_FUNC (PAS_ROLE_FUNC_ID, PAS_ROLE_ID, PAS_FUNC_ID) values (79, 1, 74);
insert into PAS_ROLE_FUNC (PAS_ROLE_FUNC_ID, PAS_ROLE_ID, PAS_FUNC_ID) values (80, 1, 75);
insert into PAS_ROLE_FUNC (PAS_ROLE_FUNC_ID, PAS_ROLE_ID, PAS_FUNC_ID) values (81, 1, 76);
insert into PAS_ROLE_FUNC (PAS_ROLE_FUNC_ID, PAS_ROLE_ID, PAS_FUNC_ID) values (82, 1, 77);
insert into PAS_ROLE_FUNC (PAS_ROLE_FUNC_ID, PAS_ROLE_ID, PAS_FUNC_ID) values (83, 1, 78);
--ba                                                    
insert into PAS_ROLE_FUNC (PAS_ROLE_FUNC_ID, PAS_ROLE_ID, PAS_FUNC_ID) values (84, 2, 1);
insert into PAS_ROLE_FUNC (PAS_ROLE_FUNC_ID, PAS_ROLE_ID, PAS_FUNC_ID) values (85, 2, 2);
insert into PAS_ROLE_FUNC (PAS_ROLE_FUNC_ID, PAS_ROLE_ID, PAS_FUNC_ID) values (86, 2, 3);
insert into PAS_ROLE_FUNC (PAS_ROLE_FUNC_ID, PAS_ROLE_ID, PAS_FUNC_ID) values (87, 2, 4);
insert into PAS_ROLE_FUNC (PAS_ROLE_FUNC_ID, PAS_ROLE_ID, PAS_FUNC_ID) values (88, 2, 5);
insert into PAS_ROLE_FUNC (PAS_ROLE_FUNC_ID, PAS_ROLE_ID, PAS_FUNC_ID) values (89, 2, 6);
insert into PAS_ROLE_FUNC (PAS_ROLE_FUNC_ID, PAS_ROLE_ID, PAS_FUNC_ID) values (90, 2, 7);
insert into PAS_ROLE_FUNC (PAS_ROLE_FUNC_ID, PAS_ROLE_ID, PAS_FUNC_ID) values (91, 2, 8);
insert into PAS_ROLE_FUNC (PAS_ROLE_FUNC_ID, PAS_ROLE_ID, PAS_FUNC_ID) values (92, 2, 9);
insert into PAS_ROLE_FUNC (PAS_ROLE_FUNC_ID, PAS_ROLE_ID, PAS_FUNC_ID) values (93, 2, 10);
insert into PAS_ROLE_FUNC (PAS_ROLE_FUNC_ID, PAS_ROLE_ID, PAS_FUNC_ID) values (94, 2, 11);
insert into PAS_ROLE_FUNC (PAS_ROLE_FUNC_ID, PAS_ROLE_ID, PAS_FUNC_ID) values (95, 2, 12);
insert into PAS_ROLE_FUNC (PAS_ROLE_FUNC_ID, PAS_ROLE_ID, PAS_FUNC_ID) values (96, 2, 13);
insert into PAS_ROLE_FUNC (PAS_ROLE_FUNC_ID, PAS_ROLE_ID, PAS_FUNC_ID) values (97, 2, 14);
insert into PAS_ROLE_FUNC (PAS_ROLE_FUNC_ID, PAS_ROLE_ID, PAS_FUNC_ID) values (98, 2, 15);
insert into PAS_ROLE_FUNC (PAS_ROLE_FUNC_ID, PAS_ROLE_ID, PAS_FUNC_ID) values (99, 2, 16);
insert into PAS_ROLE_FUNC (PAS_ROLE_FUNC_ID, PAS_ROLE_ID, PAS_FUNC_ID) values (100, 2, 17);
insert into PAS_ROLE_FUNC (PAS_ROLE_FUNC_ID, PAS_ROLE_ID, PAS_FUNC_ID) values (101, 2, 18);
insert into PAS_ROLE_FUNC (PAS_ROLE_FUNC_ID, PAS_ROLE_ID, PAS_FUNC_ID) values (102, 2, 21);
insert into PAS_ROLE_FUNC (PAS_ROLE_FUNC_ID, PAS_ROLE_ID, PAS_FUNC_ID) values (103, 2, 22);
insert into PAS_ROLE_FUNC (PAS_ROLE_FUNC_ID, PAS_ROLE_ID, PAS_FUNC_ID) values (104, 2, 23);
insert into PAS_ROLE_FUNC (PAS_ROLE_FUNC_ID, PAS_ROLE_ID, PAS_FUNC_ID) values (105, 2, 24);
insert into PAS_ROLE_FUNC (PAS_ROLE_FUNC_ID, PAS_ROLE_ID, PAS_FUNC_ID) values (106, 2, 25);
insert into PAS_ROLE_FUNC (PAS_ROLE_FUNC_ID, PAS_ROLE_ID, PAS_FUNC_ID) values (107, 2, 26);
insert into PAS_ROLE_FUNC (PAS_ROLE_FUNC_ID, PAS_ROLE_ID, PAS_FUNC_ID) values (108, 2, 31);
insert into PAS_ROLE_FUNC (PAS_ROLE_FUNC_ID, PAS_ROLE_ID, PAS_FUNC_ID) values (109, 2, 32);
insert into PAS_ROLE_FUNC (PAS_ROLE_FUNC_ID, PAS_ROLE_ID, PAS_FUNC_ID) values (110, 2, 39);
insert into PAS_ROLE_FUNC (PAS_ROLE_FUNC_ID, PAS_ROLE_ID, PAS_FUNC_ID) values (111, 2, 40);
insert into PAS_ROLE_FUNC (PAS_ROLE_FUNC_ID, PAS_ROLE_ID, PAS_FUNC_ID) values (112, 2, 41);
insert into PAS_ROLE_FUNC (PAS_ROLE_FUNC_ID, PAS_ROLE_ID, PAS_FUNC_ID) values (113, 2, 42);
insert into PAS_ROLE_FUNC (PAS_ROLE_FUNC_ID, PAS_ROLE_ID, PAS_FUNC_ID) values (114, 2, 43);
insert into PAS_ROLE_FUNC (PAS_ROLE_FUNC_ID, PAS_ROLE_ID, PAS_FUNC_ID) values (115, 2, 44);
insert into PAS_ROLE_FUNC (PAS_ROLE_FUNC_ID, PAS_ROLE_ID, PAS_FUNC_ID) values (116, 2, 45);
insert into PAS_ROLE_FUNC (PAS_ROLE_FUNC_ID, PAS_ROLE_ID, PAS_FUNC_ID) values (117, 2, 46);
insert into PAS_ROLE_FUNC (PAS_ROLE_FUNC_ID, PAS_ROLE_ID, PAS_FUNC_ID) values (118, 2, 47);
insert into PAS_ROLE_FUNC (PAS_ROLE_FUNC_ID, PAS_ROLE_ID, PAS_FUNC_ID) values (119, 2, 48);
insert into PAS_ROLE_FUNC (PAS_ROLE_FUNC_ID, PAS_ROLE_ID, PAS_FUNC_ID) values (120, 2, 49);
insert into PAS_ROLE_FUNC (PAS_ROLE_FUNC_ID, PAS_ROLE_ID, PAS_FUNC_ID) values (121, 2, 50);
insert into PAS_ROLE_FUNC (PAS_ROLE_FUNC_ID, PAS_ROLE_ID, PAS_FUNC_ID) values (122, 2, 51);
insert into PAS_ROLE_FUNC (PAS_ROLE_FUNC_ID, PAS_ROLE_ID, PAS_FUNC_ID) values (123, 2, 52);
insert into PAS_ROLE_FUNC (PAS_ROLE_FUNC_ID, PAS_ROLE_ID, PAS_FUNC_ID) values (124, 2, 53);
insert into PAS_ROLE_FUNC (PAS_ROLE_FUNC_ID, PAS_ROLE_ID, PAS_FUNC_ID) values (125, 2, 54);
insert into PAS_ROLE_FUNC (PAS_ROLE_FUNC_ID, PAS_ROLE_ID, PAS_FUNC_ID) values (126, 2, 55);
insert into PAS_ROLE_FUNC (PAS_ROLE_FUNC_ID, PAS_ROLE_ID, PAS_FUNC_ID) values (127, 2, 56);
insert into PAS_ROLE_FUNC (PAS_ROLE_FUNC_ID, PAS_ROLE_ID, PAS_FUNC_ID) values (128, 2, 57);
insert into PAS_ROLE_FUNC (PAS_ROLE_FUNC_ID, PAS_ROLE_ID, PAS_FUNC_ID) values (129, 2, 58);
insert into PAS_ROLE_FUNC (PAS_ROLE_FUNC_ID, PAS_ROLE_ID, PAS_FUNC_ID) values (130, 2, 59);
insert into PAS_ROLE_FUNC (PAS_ROLE_FUNC_ID, PAS_ROLE_ID, PAS_FUNC_ID) values (131, 2, 60);
insert into PAS_ROLE_FUNC (PAS_ROLE_FUNC_ID, PAS_ROLE_ID, PAS_FUNC_ID) values (132, 2, 61);
insert into PAS_ROLE_FUNC (PAS_ROLE_FUNC_ID, PAS_ROLE_ID, PAS_FUNC_ID) values (133, 2, 62);
insert into PAS_ROLE_FUNC (PAS_ROLE_FUNC_ID, PAS_ROLE_ID, PAS_FUNC_ID) values (134, 2, 63);
insert into PAS_ROLE_FUNC (PAS_ROLE_FUNC_ID, PAS_ROLE_ID, PAS_FUNC_ID) values (135, 2, 64);
insert into PAS_ROLE_FUNC (PAS_ROLE_FUNC_ID, PAS_ROLE_ID, PAS_FUNC_ID) values (136, 2, 66);
insert into PAS_ROLE_FUNC (PAS_ROLE_FUNC_ID, PAS_ROLE_ID, PAS_FUNC_ID) values (137, 2, 67);
insert into PAS_ROLE_FUNC (PAS_ROLE_FUNC_ID, PAS_ROLE_ID, PAS_FUNC_ID) values (138, 2, 68);
insert into PAS_ROLE_FUNC (PAS_ROLE_FUNC_ID, PAS_ROLE_ID, PAS_FUNC_ID) values (139, 2, 69);
insert into PAS_ROLE_FUNC (PAS_ROLE_FUNC_ID, PAS_ROLE_ID, PAS_FUNC_ID) values (140, 2, 70);
insert into PAS_ROLE_FUNC (PAS_ROLE_FUNC_ID, PAS_ROLE_ID, PAS_FUNC_ID) values (141, 2, 71);
insert into PAS_ROLE_FUNC (PAS_ROLE_FUNC_ID, PAS_ROLE_ID, PAS_FUNC_ID) values (142, 2, 72);
insert into PAS_ROLE_FUNC (PAS_ROLE_FUNC_ID, PAS_ROLE_ID, PAS_FUNC_ID) values (143, 2, 73);
insert into PAS_ROLE_FUNC (PAS_ROLE_FUNC_ID, PAS_ROLE_ID, PAS_FUNC_ID) values (144, 2, 74);
insert into PAS_ROLE_FUNC (PAS_ROLE_FUNC_ID, PAS_ROLE_ID, PAS_FUNC_ID) values (145, 2, 75);
insert into PAS_ROLE_FUNC (PAS_ROLE_FUNC_ID, PAS_ROLE_ID, PAS_FUNC_ID) values (146, 2, 76);
insert into PAS_ROLE_FUNC (PAS_ROLE_FUNC_ID, PAS_ROLE_ID, PAS_FUNC_ID) values (147, 2, 77);
insert into PAS_ROLE_FUNC (PAS_ROLE_FUNC_ID, PAS_ROLE_ID, PAS_FUNC_ID) values (148, 2, 78);
--siu
insert into PAS_ROLE_FUNC (PAS_ROLE_FUNC_ID, PAS_ROLE_ID, PAS_FUNC_ID) values (149, 3, 1);
insert into PAS_ROLE_FUNC (PAS_ROLE_FUNC_ID, PAS_ROLE_ID, PAS_FUNC_ID) values (150, 3, 2);
insert into PAS_ROLE_FUNC (PAS_ROLE_FUNC_ID, PAS_ROLE_ID, PAS_FUNC_ID) values (151, 3, 3);
insert into PAS_ROLE_FUNC (PAS_ROLE_FUNC_ID, PAS_ROLE_ID, PAS_FUNC_ID) values (152, 3, 4);
insert into PAS_ROLE_FUNC (PAS_ROLE_FUNC_ID, PAS_ROLE_ID, PAS_FUNC_ID) values (153, 3, 5);
insert into PAS_ROLE_FUNC (PAS_ROLE_FUNC_ID, PAS_ROLE_ID, PAS_FUNC_ID) values (154, 3, 6);
insert into PAS_ROLE_FUNC (PAS_ROLE_FUNC_ID, PAS_ROLE_ID, PAS_FUNC_ID) values (155, 3, 7);
insert into PAS_ROLE_FUNC (PAS_ROLE_FUNC_ID, PAS_ROLE_ID, PAS_FUNC_ID) values (156, 3, 8);
insert into PAS_ROLE_FUNC (PAS_ROLE_FUNC_ID, PAS_ROLE_ID, PAS_FUNC_ID) values (157, 3, 9);
insert into PAS_ROLE_FUNC (PAS_ROLE_FUNC_ID, PAS_ROLE_ID, PAS_FUNC_ID) values (158, 3, 10);
insert into PAS_ROLE_FUNC (PAS_ROLE_FUNC_ID, PAS_ROLE_ID, PAS_FUNC_ID) values (159, 3, 11);
insert into PAS_ROLE_FUNC (PAS_ROLE_FUNC_ID, PAS_ROLE_ID, PAS_FUNC_ID) values (160, 3, 12);
insert into PAS_ROLE_FUNC (PAS_ROLE_FUNC_ID, PAS_ROLE_ID, PAS_FUNC_ID) values (161, 3, 13);
insert into PAS_ROLE_FUNC (PAS_ROLE_FUNC_ID, PAS_ROLE_ID, PAS_FUNC_ID) values (162, 3, 14);
insert into PAS_ROLE_FUNC (PAS_ROLE_FUNC_ID, PAS_ROLE_ID, PAS_FUNC_ID) values (163, 3, 15);
insert into PAS_ROLE_FUNC (PAS_ROLE_FUNC_ID, PAS_ROLE_ID, PAS_FUNC_ID) values (164, 3, 16);
insert into PAS_ROLE_FUNC (PAS_ROLE_FUNC_ID, PAS_ROLE_ID, PAS_FUNC_ID) values (165, 3, 17);
insert into PAS_ROLE_FUNC (PAS_ROLE_FUNC_ID, PAS_ROLE_ID, PAS_FUNC_ID) values (166, 3, 18);
insert into PAS_ROLE_FUNC (PAS_ROLE_FUNC_ID, PAS_ROLE_ID, PAS_FUNC_ID) values (167, 3, 21);
insert into PAS_ROLE_FUNC (PAS_ROLE_FUNC_ID, PAS_ROLE_ID, PAS_FUNC_ID) values (168, 3, 22);
insert into PAS_ROLE_FUNC (PAS_ROLE_FUNC_ID, PAS_ROLE_ID, PAS_FUNC_ID) values (169, 3, 23);
insert into PAS_ROLE_FUNC (PAS_ROLE_FUNC_ID, PAS_ROLE_ID, PAS_FUNC_ID) values (170, 3, 24);
insert into PAS_ROLE_FUNC (PAS_ROLE_FUNC_ID, PAS_ROLE_ID, PAS_FUNC_ID) values (171, 3, 25);
insert into PAS_ROLE_FUNC (PAS_ROLE_FUNC_ID, PAS_ROLE_ID, PAS_FUNC_ID) values (172, 3, 26);
insert into PAS_ROLE_FUNC (PAS_ROLE_FUNC_ID, PAS_ROLE_ID, PAS_FUNC_ID) values (173, 3, 31);
insert into PAS_ROLE_FUNC (PAS_ROLE_FUNC_ID, PAS_ROLE_ID, PAS_FUNC_ID) values (174, 3, 32);
insert into PAS_ROLE_FUNC (PAS_ROLE_FUNC_ID, PAS_ROLE_ID, PAS_FUNC_ID) values (175, 3, 39);
insert into PAS_ROLE_FUNC (PAS_ROLE_FUNC_ID, PAS_ROLE_ID, PAS_FUNC_ID) values (176, 3, 40);
insert into PAS_ROLE_FUNC (PAS_ROLE_FUNC_ID, PAS_ROLE_ID, PAS_FUNC_ID) values (177, 3, 41);
insert into PAS_ROLE_FUNC (PAS_ROLE_FUNC_ID, PAS_ROLE_ID, PAS_FUNC_ID) values (178, 3, 42);
insert into PAS_ROLE_FUNC (PAS_ROLE_FUNC_ID, PAS_ROLE_ID, PAS_FUNC_ID) values (179, 3, 43);
insert into PAS_ROLE_FUNC (PAS_ROLE_FUNC_ID, PAS_ROLE_ID, PAS_FUNC_ID) values (180, 3, 44);
insert into PAS_ROLE_FUNC (PAS_ROLE_FUNC_ID, PAS_ROLE_ID, PAS_FUNC_ID) values (181, 3, 45);
insert into PAS_ROLE_FUNC (PAS_ROLE_FUNC_ID, PAS_ROLE_ID, PAS_FUNC_ID) values (182, 3, 46);
insert into PAS_ROLE_FUNC (PAS_ROLE_FUNC_ID, PAS_ROLE_ID, PAS_FUNC_ID) values (183, 3, 47);
insert into PAS_ROLE_FUNC (PAS_ROLE_FUNC_ID, PAS_ROLE_ID, PAS_FUNC_ID) values (184, 3, 48);
insert into PAS_ROLE_FUNC (PAS_ROLE_FUNC_ID, PAS_ROLE_ID, PAS_FUNC_ID) values (185, 3, 49);
insert into PAS_ROLE_FUNC (PAS_ROLE_FUNC_ID, PAS_ROLE_ID, PAS_FUNC_ID) values (186, 3, 50);
insert into PAS_ROLE_FUNC (PAS_ROLE_FUNC_ID, PAS_ROLE_ID, PAS_FUNC_ID) values (187, 3, 51);
insert into PAS_ROLE_FUNC (PAS_ROLE_FUNC_ID, PAS_ROLE_ID, PAS_FUNC_ID) values (188, 3, 52);
insert into PAS_ROLE_FUNC (PAS_ROLE_FUNC_ID, PAS_ROLE_ID, PAS_FUNC_ID) values (189, 3, 53);
insert into PAS_ROLE_FUNC (PAS_ROLE_FUNC_ID, PAS_ROLE_ID, PAS_FUNC_ID) values (190, 3, 54);
insert into PAS_ROLE_FUNC (PAS_ROLE_FUNC_ID, PAS_ROLE_ID, PAS_FUNC_ID) values (191, 3, 55);
insert into PAS_ROLE_FUNC (PAS_ROLE_FUNC_ID, PAS_ROLE_ID, PAS_FUNC_ID) values (192, 3, 56);
insert into PAS_ROLE_FUNC (PAS_ROLE_FUNC_ID, PAS_ROLE_ID, PAS_FUNC_ID) values (193, 3, 57);
insert into PAS_ROLE_FUNC (PAS_ROLE_FUNC_ID, PAS_ROLE_ID, PAS_FUNC_ID) values (194, 3, 58);
insert into PAS_ROLE_FUNC (PAS_ROLE_FUNC_ID, PAS_ROLE_ID, PAS_FUNC_ID) values (195, 3, 59);
insert into PAS_ROLE_FUNC (PAS_ROLE_FUNC_ID, PAS_ROLE_ID, PAS_FUNC_ID) values (196, 3, 60);
insert into PAS_ROLE_FUNC (PAS_ROLE_FUNC_ID, PAS_ROLE_ID, PAS_FUNC_ID) values (197, 3, 61);
insert into PAS_ROLE_FUNC (PAS_ROLE_FUNC_ID, PAS_ROLE_ID, PAS_FUNC_ID) values (198, 3, 62);
insert into PAS_ROLE_FUNC (PAS_ROLE_FUNC_ID, PAS_ROLE_ID, PAS_FUNC_ID) values (199, 3, 63);
insert into PAS_ROLE_FUNC (PAS_ROLE_FUNC_ID, PAS_ROLE_ID, PAS_FUNC_ID) values (200, 3, 64);
insert into PAS_ROLE_FUNC (PAS_ROLE_FUNC_ID, PAS_ROLE_ID, PAS_FUNC_ID) values (201, 3, 66);
insert into PAS_ROLE_FUNC (PAS_ROLE_FUNC_ID, PAS_ROLE_ID, PAS_FUNC_ID) values (202, 3, 67);
insert into PAS_ROLE_FUNC (PAS_ROLE_FUNC_ID, PAS_ROLE_ID, PAS_FUNC_ID) values (203, 3, 68);
insert into PAS_ROLE_FUNC (PAS_ROLE_FUNC_ID, PAS_ROLE_ID, PAS_FUNC_ID) values (204, 3, 69);
insert into PAS_ROLE_FUNC (PAS_ROLE_FUNC_ID, PAS_ROLE_ID, PAS_FUNC_ID) values (205, 3, 70);
insert into PAS_ROLE_FUNC (PAS_ROLE_FUNC_ID, PAS_ROLE_ID, PAS_FUNC_ID) values (206, 3, 71);
insert into PAS_ROLE_FUNC (PAS_ROLE_FUNC_ID, PAS_ROLE_ID, PAS_FUNC_ID) values (207, 3, 72);
insert into PAS_ROLE_FUNC (PAS_ROLE_FUNC_ID, PAS_ROLE_ID, PAS_FUNC_ID) values (208, 3, 73);
insert into PAS_ROLE_FUNC (PAS_ROLE_FUNC_ID, PAS_ROLE_ID, PAS_FUNC_ID) values (209, 3, 74);
insert into PAS_ROLE_FUNC (PAS_ROLE_FUNC_ID, PAS_ROLE_ID, PAS_FUNC_ID) values (210, 3, 75);
insert into PAS_ROLE_FUNC (PAS_ROLE_FUNC_ID, PAS_ROLE_ID, PAS_FUNC_ID) values (211, 3, 76);
insert into PAS_ROLE_FUNC (PAS_ROLE_FUNC_ID, PAS_ROLE_ID, PAS_FUNC_ID) values (212, 3, 77);
insert into PAS_ROLE_FUNC (PAS_ROLE_FUNC_ID, PAS_ROLE_ID, PAS_FUNC_ID) values (213, 3, 78);
-- clinic
insert into PAS_ROLE_FUNC (PAS_ROLE_FUNC_ID, PAS_ROLE_ID, PAS_FUNC_ID) values (214, 4, 1);
insert into PAS_ROLE_FUNC (PAS_ROLE_FUNC_ID, PAS_ROLE_ID, PAS_FUNC_ID) values (215, 4, 2);
insert into PAS_ROLE_FUNC (PAS_ROLE_FUNC_ID, PAS_ROLE_ID, PAS_FUNC_ID) values (216, 4, 3);
insert into PAS_ROLE_FUNC (PAS_ROLE_FUNC_ID, PAS_ROLE_ID, PAS_FUNC_ID) values (217, 4, 4);
insert into PAS_ROLE_FUNC (PAS_ROLE_FUNC_ID, PAS_ROLE_ID, PAS_FUNC_ID) values (218, 4, 5);
insert into PAS_ROLE_FUNC (PAS_ROLE_FUNC_ID, PAS_ROLE_ID, PAS_FUNC_ID) values (219, 4, 6);
insert into PAS_ROLE_FUNC (PAS_ROLE_FUNC_ID, PAS_ROLE_ID, PAS_FUNC_ID) values (220, 4, 7);
insert into PAS_ROLE_FUNC (PAS_ROLE_FUNC_ID, PAS_ROLE_ID, PAS_FUNC_ID) values (221, 4, 8);
insert into PAS_ROLE_FUNC (PAS_ROLE_FUNC_ID, PAS_ROLE_ID, PAS_FUNC_ID) values (222, 4, 9);
insert into PAS_ROLE_FUNC (PAS_ROLE_FUNC_ID, PAS_ROLE_ID, PAS_FUNC_ID) values (223, 4, 10);
insert into PAS_ROLE_FUNC (PAS_ROLE_FUNC_ID, PAS_ROLE_ID, PAS_FUNC_ID) values (224, 4, 11);
insert into PAS_ROLE_FUNC (PAS_ROLE_FUNC_ID, PAS_ROLE_ID, PAS_FUNC_ID) values (225, 4, 12);
insert into PAS_ROLE_FUNC (PAS_ROLE_FUNC_ID, PAS_ROLE_ID, PAS_FUNC_ID) values (226, 4, 13);
insert into PAS_ROLE_FUNC (PAS_ROLE_FUNC_ID, PAS_ROLE_ID, PAS_FUNC_ID) values (227, 4, 14);
insert into PAS_ROLE_FUNC (PAS_ROLE_FUNC_ID, PAS_ROLE_ID, PAS_FUNC_ID) values (228, 4, 15);
insert into PAS_ROLE_FUNC (PAS_ROLE_FUNC_ID, PAS_ROLE_ID, PAS_FUNC_ID) values (229, 4, 16);
insert into PAS_ROLE_FUNC (PAS_ROLE_FUNC_ID, PAS_ROLE_ID, PAS_FUNC_ID) values (230, 4, 17);
insert into PAS_ROLE_FUNC (PAS_ROLE_FUNC_ID, PAS_ROLE_ID, PAS_FUNC_ID) values (231, 4, 18);
insert into PAS_ROLE_FUNC (PAS_ROLE_FUNC_ID, PAS_ROLE_ID, PAS_FUNC_ID) values (232, 4, 21);
insert into PAS_ROLE_FUNC (PAS_ROLE_FUNC_ID, PAS_ROLE_ID, PAS_FUNC_ID) values (233, 4, 22);
insert into PAS_ROLE_FUNC (PAS_ROLE_FUNC_ID, PAS_ROLE_ID, PAS_FUNC_ID) values (234, 4, 23);
insert into PAS_ROLE_FUNC (PAS_ROLE_FUNC_ID, PAS_ROLE_ID, PAS_FUNC_ID) values (235, 4, 24);
insert into PAS_ROLE_FUNC (PAS_ROLE_FUNC_ID, PAS_ROLE_ID, PAS_FUNC_ID) values (236, 4, 25);
insert into PAS_ROLE_FUNC (PAS_ROLE_FUNC_ID, PAS_ROLE_ID, PAS_FUNC_ID) values (237, 4, 26);
insert into PAS_ROLE_FUNC (PAS_ROLE_FUNC_ID, PAS_ROLE_ID, PAS_FUNC_ID) values (238, 4, 31);
insert into PAS_ROLE_FUNC (PAS_ROLE_FUNC_ID, PAS_ROLE_ID, PAS_FUNC_ID) values (239, 4, 32);
insert into PAS_ROLE_FUNC (PAS_ROLE_FUNC_ID, PAS_ROLE_ID, PAS_FUNC_ID) values (240, 4, 39);
insert into PAS_ROLE_FUNC (PAS_ROLE_FUNC_ID, PAS_ROLE_ID, PAS_FUNC_ID) values (241, 4, 40);
insert into PAS_ROLE_FUNC (PAS_ROLE_FUNC_ID, PAS_ROLE_ID, PAS_FUNC_ID) values (242, 4, 41);
insert into PAS_ROLE_FUNC (PAS_ROLE_FUNC_ID, PAS_ROLE_ID, PAS_FUNC_ID) values (243, 4, 42);
insert into PAS_ROLE_FUNC (PAS_ROLE_FUNC_ID, PAS_ROLE_ID, PAS_FUNC_ID) values (244, 4, 43);
insert into PAS_ROLE_FUNC (PAS_ROLE_FUNC_ID, PAS_ROLE_ID, PAS_FUNC_ID) values (245, 4, 44);
insert into PAS_ROLE_FUNC (PAS_ROLE_FUNC_ID, PAS_ROLE_ID, PAS_FUNC_ID) values (246, 4, 45);
insert into PAS_ROLE_FUNC (PAS_ROLE_FUNC_ID, PAS_ROLE_ID, PAS_FUNC_ID) values (247, 4, 46);
insert into PAS_ROLE_FUNC (PAS_ROLE_FUNC_ID, PAS_ROLE_ID, PAS_FUNC_ID) values (248, 4, 47);
insert into PAS_ROLE_FUNC (PAS_ROLE_FUNC_ID, PAS_ROLE_ID, PAS_FUNC_ID) values (249, 4, 48);
insert into PAS_ROLE_FUNC (PAS_ROLE_FUNC_ID, PAS_ROLE_ID, PAS_FUNC_ID) values (250, 4, 49);
insert into PAS_ROLE_FUNC (PAS_ROLE_FUNC_ID, PAS_ROLE_ID, PAS_FUNC_ID) values (251, 4, 50);
insert into PAS_ROLE_FUNC (PAS_ROLE_FUNC_ID, PAS_ROLE_ID, PAS_FUNC_ID) values (252, 4, 51);
insert into PAS_ROLE_FUNC (PAS_ROLE_FUNC_ID, PAS_ROLE_ID, PAS_FUNC_ID) values (253, 4, 52);
insert into PAS_ROLE_FUNC (PAS_ROLE_FUNC_ID, PAS_ROLE_ID, PAS_FUNC_ID) values (254, 4, 53);
insert into PAS_ROLE_FUNC (PAS_ROLE_FUNC_ID, PAS_ROLE_ID, PAS_FUNC_ID) values (255, 4, 54);
insert into PAS_ROLE_FUNC (PAS_ROLE_FUNC_ID, PAS_ROLE_ID, PAS_FUNC_ID) values (256, 4, 55);
insert into PAS_ROLE_FUNC (PAS_ROLE_FUNC_ID, PAS_ROLE_ID, PAS_FUNC_ID) values (257, 4, 56);
insert into PAS_ROLE_FUNC (PAS_ROLE_FUNC_ID, PAS_ROLE_ID, PAS_FUNC_ID) values (258, 4, 57);
insert into PAS_ROLE_FUNC (PAS_ROLE_FUNC_ID, PAS_ROLE_ID, PAS_FUNC_ID) values (259, 4, 58);
insert into PAS_ROLE_FUNC (PAS_ROLE_FUNC_ID, PAS_ROLE_ID, PAS_FUNC_ID) values (260, 4, 59);
insert into PAS_ROLE_FUNC (PAS_ROLE_FUNC_ID, PAS_ROLE_ID, PAS_FUNC_ID) values (261, 4, 60);
insert into PAS_ROLE_FUNC (PAS_ROLE_FUNC_ID, PAS_ROLE_ID, PAS_FUNC_ID) values (262, 4, 61);
insert into PAS_ROLE_FUNC (PAS_ROLE_FUNC_ID, PAS_ROLE_ID, PAS_FUNC_ID) values (263, 4, 62);
insert into PAS_ROLE_FUNC (PAS_ROLE_FUNC_ID, PAS_ROLE_ID, PAS_FUNC_ID) values (264, 4, 63);
insert into PAS_ROLE_FUNC (PAS_ROLE_FUNC_ID, PAS_ROLE_ID, PAS_FUNC_ID) values (265, 4, 64);
insert into PAS_ROLE_FUNC (PAS_ROLE_FUNC_ID, PAS_ROLE_ID, PAS_FUNC_ID) values (266, 4, 66);
insert into PAS_ROLE_FUNC (PAS_ROLE_FUNC_ID, PAS_ROLE_ID, PAS_FUNC_ID) values (267, 4, 67);
insert into PAS_ROLE_FUNC (PAS_ROLE_FUNC_ID, PAS_ROLE_ID, PAS_FUNC_ID) values (268, 4, 68);
insert into PAS_ROLE_FUNC (PAS_ROLE_FUNC_ID, PAS_ROLE_ID, PAS_FUNC_ID) values (269, 4, 69);
insert into PAS_ROLE_FUNC (PAS_ROLE_FUNC_ID, PAS_ROLE_ID, PAS_FUNC_ID) values (270, 4, 70);
insert into PAS_ROLE_FUNC (PAS_ROLE_FUNC_ID, PAS_ROLE_ID, PAS_FUNC_ID) values (271, 4, 71);
insert into PAS_ROLE_FUNC (PAS_ROLE_FUNC_ID, PAS_ROLE_ID, PAS_FUNC_ID) values (272, 4, 72);
insert into PAS_ROLE_FUNC (PAS_ROLE_FUNC_ID, PAS_ROLE_ID, PAS_FUNC_ID) values (273, 4, 73);
insert into PAS_ROLE_FUNC (PAS_ROLE_FUNC_ID, PAS_ROLE_ID, PAS_FUNC_ID) values (274, 4, 74);
insert into PAS_ROLE_FUNC (PAS_ROLE_FUNC_ID, PAS_ROLE_ID, PAS_FUNC_ID) values (275, 4, 75);
insert into PAS_ROLE_FUNC (PAS_ROLE_FUNC_ID, PAS_ROLE_ID, PAS_FUNC_ID) values (276, 4, 76);
insert into PAS_ROLE_FUNC (PAS_ROLE_FUNC_ID, PAS_ROLE_ID, PAS_FUNC_ID) values (277, 4, 77);
insert into PAS_ROLE_FUNC (PAS_ROLE_FUNC_ID, PAS_ROLE_ID, PAS_FUNC_ID) values (278, 4, 78);
--analy
insert into PAS_ROLE_FUNC (PAS_ROLE_FUNC_ID, PAS_ROLE_ID, PAS_FUNC_ID) values (279, 5, 1);
insert into PAS_ROLE_FUNC (PAS_ROLE_FUNC_ID, PAS_ROLE_ID, PAS_FUNC_ID) values (280, 5, 2);
insert into PAS_ROLE_FUNC (PAS_ROLE_FUNC_ID, PAS_ROLE_ID, PAS_FUNC_ID) values (281, 5, 3);
insert into PAS_ROLE_FUNC (PAS_ROLE_FUNC_ID, PAS_ROLE_ID, PAS_FUNC_ID) values (282, 5, 4);
insert into PAS_ROLE_FUNC (PAS_ROLE_FUNC_ID, PAS_ROLE_ID, PAS_FUNC_ID) values (283, 5, 5);
insert into PAS_ROLE_FUNC (PAS_ROLE_FUNC_ID, PAS_ROLE_ID, PAS_FUNC_ID) values (284, 5, 6);
insert into PAS_ROLE_FUNC (PAS_ROLE_FUNC_ID, PAS_ROLE_ID, PAS_FUNC_ID) values (285, 5, 7);
insert into PAS_ROLE_FUNC (PAS_ROLE_FUNC_ID, PAS_ROLE_ID, PAS_FUNC_ID) values (286, 5, 8);
insert into PAS_ROLE_FUNC (PAS_ROLE_FUNC_ID, PAS_ROLE_ID, PAS_FUNC_ID) values (287, 5, 9);
insert into PAS_ROLE_FUNC (PAS_ROLE_FUNC_ID, PAS_ROLE_ID, PAS_FUNC_ID) values (288, 5, 10);
insert into PAS_ROLE_FUNC (PAS_ROLE_FUNC_ID, PAS_ROLE_ID, PAS_FUNC_ID) values (289, 5, 11);
insert into PAS_ROLE_FUNC (PAS_ROLE_FUNC_ID, PAS_ROLE_ID, PAS_FUNC_ID) values (290, 5, 12);
insert into PAS_ROLE_FUNC (PAS_ROLE_FUNC_ID, PAS_ROLE_ID, PAS_FUNC_ID) values (291, 5, 13);
insert into PAS_ROLE_FUNC (PAS_ROLE_FUNC_ID, PAS_ROLE_ID, PAS_FUNC_ID) values (292, 5, 14);
insert into PAS_ROLE_FUNC (PAS_ROLE_FUNC_ID, PAS_ROLE_ID, PAS_FUNC_ID) values (293, 5, 15);
insert into PAS_ROLE_FUNC (PAS_ROLE_FUNC_ID, PAS_ROLE_ID, PAS_FUNC_ID) values (294, 5, 16);
insert into PAS_ROLE_FUNC (PAS_ROLE_FUNC_ID, PAS_ROLE_ID, PAS_FUNC_ID) values (295, 5, 17);
insert into PAS_ROLE_FUNC (PAS_ROLE_FUNC_ID, PAS_ROLE_ID, PAS_FUNC_ID) values (296, 5, 18);
insert into PAS_ROLE_FUNC (PAS_ROLE_FUNC_ID, PAS_ROLE_ID, PAS_FUNC_ID) values (297, 5, 21);
insert into PAS_ROLE_FUNC (PAS_ROLE_FUNC_ID, PAS_ROLE_ID, PAS_FUNC_ID) values (298, 5, 22);
insert into PAS_ROLE_FUNC (PAS_ROLE_FUNC_ID, PAS_ROLE_ID, PAS_FUNC_ID) values (299, 5, 23);
insert into PAS_ROLE_FUNC (PAS_ROLE_FUNC_ID, PAS_ROLE_ID, PAS_FUNC_ID) values (300, 5, 24);
insert into PAS_ROLE_FUNC (PAS_ROLE_FUNC_ID, PAS_ROLE_ID, PAS_FUNC_ID) values (301, 5, 25);
insert into PAS_ROLE_FUNC (PAS_ROLE_FUNC_ID, PAS_ROLE_ID, PAS_FUNC_ID) values (302, 5, 26);
insert into PAS_ROLE_FUNC (PAS_ROLE_FUNC_ID, PAS_ROLE_ID, PAS_FUNC_ID) values (303, 5, 31);
insert into PAS_ROLE_FUNC (PAS_ROLE_FUNC_ID, PAS_ROLE_ID, PAS_FUNC_ID) values (304, 5, 32);
insert into PAS_ROLE_FUNC (PAS_ROLE_FUNC_ID, PAS_ROLE_ID, PAS_FUNC_ID) values (305, 5, 39);
insert into PAS_ROLE_FUNC (PAS_ROLE_FUNC_ID, PAS_ROLE_ID, PAS_FUNC_ID) values (306, 5, 40);
insert into PAS_ROLE_FUNC (PAS_ROLE_FUNC_ID, PAS_ROLE_ID, PAS_FUNC_ID) values (307, 5, 41);
insert into PAS_ROLE_FUNC (PAS_ROLE_FUNC_ID, PAS_ROLE_ID, PAS_FUNC_ID) values (308, 5, 42);
insert into PAS_ROLE_FUNC (PAS_ROLE_FUNC_ID, PAS_ROLE_ID, PAS_FUNC_ID) values (309, 5, 43);
insert into PAS_ROLE_FUNC (PAS_ROLE_FUNC_ID, PAS_ROLE_ID, PAS_FUNC_ID) values (310, 5, 44);
insert into PAS_ROLE_FUNC (PAS_ROLE_FUNC_ID, PAS_ROLE_ID, PAS_FUNC_ID) values (311, 5, 45);
insert into PAS_ROLE_FUNC (PAS_ROLE_FUNC_ID, PAS_ROLE_ID, PAS_FUNC_ID) values (312, 5, 46);
insert into PAS_ROLE_FUNC (PAS_ROLE_FUNC_ID, PAS_ROLE_ID, PAS_FUNC_ID) values (313, 5, 47);
insert into PAS_ROLE_FUNC (PAS_ROLE_FUNC_ID, PAS_ROLE_ID, PAS_FUNC_ID) values (314, 5, 48);
insert into PAS_ROLE_FUNC (PAS_ROLE_FUNC_ID, PAS_ROLE_ID, PAS_FUNC_ID) values (315, 5, 49);
insert into PAS_ROLE_FUNC (PAS_ROLE_FUNC_ID, PAS_ROLE_ID, PAS_FUNC_ID) values (316, 5, 50);
insert into PAS_ROLE_FUNC (PAS_ROLE_FUNC_ID, PAS_ROLE_ID, PAS_FUNC_ID) values (317, 5, 51);
insert into PAS_ROLE_FUNC (PAS_ROLE_FUNC_ID, PAS_ROLE_ID, PAS_FUNC_ID) values (318, 5, 52);
insert into PAS_ROLE_FUNC (PAS_ROLE_FUNC_ID, PAS_ROLE_ID, PAS_FUNC_ID) values (319, 5, 53);
insert into PAS_ROLE_FUNC (PAS_ROLE_FUNC_ID, PAS_ROLE_ID, PAS_FUNC_ID) values (320, 5, 54);
insert into PAS_ROLE_FUNC (PAS_ROLE_FUNC_ID, PAS_ROLE_ID, PAS_FUNC_ID) values (321, 5, 55);
insert into PAS_ROLE_FUNC (PAS_ROLE_FUNC_ID, PAS_ROLE_ID, PAS_FUNC_ID) values (322, 5, 56);
insert into PAS_ROLE_FUNC (PAS_ROLE_FUNC_ID, PAS_ROLE_ID, PAS_FUNC_ID) values (323, 5, 57);
insert into PAS_ROLE_FUNC (PAS_ROLE_FUNC_ID, PAS_ROLE_ID, PAS_FUNC_ID) values (324, 5, 58);
insert into PAS_ROLE_FUNC (PAS_ROLE_FUNC_ID, PAS_ROLE_ID, PAS_FUNC_ID) values (325, 5, 59);
insert into PAS_ROLE_FUNC (PAS_ROLE_FUNC_ID, PAS_ROLE_ID, PAS_FUNC_ID) values (326, 5, 60);
insert into PAS_ROLE_FUNC (PAS_ROLE_FUNC_ID, PAS_ROLE_ID, PAS_FUNC_ID) values (327, 5, 61);
insert into PAS_ROLE_FUNC (PAS_ROLE_FUNC_ID, PAS_ROLE_ID, PAS_FUNC_ID) values (328, 5, 62);
insert into PAS_ROLE_FUNC (PAS_ROLE_FUNC_ID, PAS_ROLE_ID, PAS_FUNC_ID) values (329, 5, 63);
insert into PAS_ROLE_FUNC (PAS_ROLE_FUNC_ID, PAS_ROLE_ID, PAS_FUNC_ID) values (330, 5, 64);
insert into PAS_ROLE_FUNC (PAS_ROLE_FUNC_ID, PAS_ROLE_ID, PAS_FUNC_ID) values (331, 5, 66);
insert into PAS_ROLE_FUNC (PAS_ROLE_FUNC_ID, PAS_ROLE_ID, PAS_FUNC_ID) values (332, 5, 67);
insert into PAS_ROLE_FUNC (PAS_ROLE_FUNC_ID, PAS_ROLE_ID, PAS_FUNC_ID) values (333, 5, 68);
insert into PAS_ROLE_FUNC (PAS_ROLE_FUNC_ID, PAS_ROLE_ID, PAS_FUNC_ID) values (334, 5, 69);
insert into PAS_ROLE_FUNC (PAS_ROLE_FUNC_ID, PAS_ROLE_ID, PAS_FUNC_ID) values (335, 5, 70);
insert into PAS_ROLE_FUNC (PAS_ROLE_FUNC_ID, PAS_ROLE_ID, PAS_FUNC_ID) values (336, 5, 71);
insert into PAS_ROLE_FUNC (PAS_ROLE_FUNC_ID, PAS_ROLE_ID, PAS_FUNC_ID) values (337, 5, 72);
insert into PAS_ROLE_FUNC (PAS_ROLE_FUNC_ID, PAS_ROLE_ID, PAS_FUNC_ID) values (338, 5, 73);
insert into PAS_ROLE_FUNC (PAS_ROLE_FUNC_ID, PAS_ROLE_ID, PAS_FUNC_ID) values (339, 5, 74);
insert into PAS_ROLE_FUNC (PAS_ROLE_FUNC_ID, PAS_ROLE_ID, PAS_FUNC_ID) values (340, 5, 75);
insert into PAS_ROLE_FUNC (PAS_ROLE_FUNC_ID, PAS_ROLE_ID, PAS_FUNC_ID) values (341, 5, 76);
insert into PAS_ROLE_FUNC (PAS_ROLE_FUNC_ID, PAS_ROLE_ID, PAS_FUNC_ID) values (342, 5, 77);
insert into PAS_ROLE_FUNC (PAS_ROLE_FUNC_ID, PAS_ROLE_ID, PAS_FUNC_ID) values (343, 5, 78);
commit;